{"Baker":{"username":"Baker","password":"Baker123","favoritePairs":["USD to UAH","USD to TWD","USD to ZAR","USD to NIO","USD to ALL","USD to ARS","USD to BSD","USD to SAR","AUD to SAR","USD to LSL"],"conversionHistory":["67,00 USD \u003d 2767,78 UAH","67,00 USD \u003d 2767,78 UAH","67,00 USD \u003d 2139,44 TWD","67,00 USD \u003d 1206,40 ZAR","12,00 USD \u003d 441,26 NIO","12,00 USD \u003d 441,26 NIO","7,00 USD \u003d 626,43 ALL","7,00 USD \u003d 6623,75 ARS","7,00 USD \u003d 6623,75 ARS","7,00 USD \u003d 7,00 BSD","1000,00 USD \u003d 3750,00 SAR","1000,00 AUD \u003d 2517,79 SAR","20,00 USD \u003d 20,00 BSD","20,00 USD \u003d 360,12 LSL"]}}